<?xml version='1.0'?>
<home version='6400' exportFlags='17' name='Lyckang.sh3d' camera='topCamera' wallHeight='250.0'>
  <property name='enhancedExternalBrightness' value='false'/>
  <property name='photoDialogHeight' value='863'/>
  <property name='photoDialogWidth' value='442'/>
  <environment groundColor='00A8A8A8' skyColor='00CCE4FC' lightColor='00D0D0D0'/>
  <observerCamera attribute='observerCamera' lens='PINHOLE' x='570.8267' y='961.2679' z='170.0' yaw='9.31281' pitch='0.15134954' fieldOfView='1.0995575' time='1594382400000'/>
  <camera attribute='topCamera' lens='PINHOLE' x='181.57828' y='582.66907' z='700.2846' yaw='-38.41574' pitch='0.7407956' fieldOfView='1.0995575' time='1594382400000'/>
  <doorOrWindow catalogId='eTeks#fixedWindow85x123' name='Fixed window' creator='eTeks' model='1' x='441.00952' y='833.3573' elevation='50.0' angle='2.0189998' width='78.0' depth='7.50075' height='178.0' modelSize='2198' movable='false' cutOutShape='M0,0 v1 h1 v-1 z' wallCutOutOnBothSides='true'/>
  <doorOrWindow catalogId='eTeks#fixedWindow85x123' name='Fixed window' creator='eTeks' model='1' x='519.08356' y='771.13934' elevation='50.0' width='78.0' depth='7.50075' height='178.0' modelSize='2198' movable='false' cutOutShape='M0,0 v1 h1 v-1 z' wallCutOutOnBothSides='true'/>
  <doorOrWindow catalogId='eTeks#fixedWindow85x123' name='Fixed window' creator='eTeks' model='1' x='608.61444' y='771.13934' elevation='50.0' width='78.0' depth='7.50075' height='178.0' modelSize='2198' movable='false' cutOutShape='M0,0 v1 h1 v-1 z' wallCutOutOnBothSides='true'/>
  <doorOrWindow catalogId='eTeks#fixedWindow85x123' name='Fixed window' creator='eTeks' model='1' x='687.7993' y='837.6562' elevation='50.0' angle='1.113889' width='78.0' depth='7.50075' height='178.0' modelSize='2198' movable='false' cutOutShape='M0,0 v1 h1 v-1 z' wallCutOutOnBothSides='true'/>
  <doorOrWindow catalogId='eTeks#fixedWindow85x123' name='Fixed window' creator='eTeks' model='1' x='335.20367' y='1224.5408' elevation='87.0' angle='1.5707963' width='91.0' depth='7.50075' height='134.0' modelSize='2198' movable='false' cutOutShape='M0,0 v1 h1 v-1 z' wallCutOutOnBothSides='true'/>
  <doorOrWindow catalogId='eTeks#door' name='Door' creator='eTeks' model='3' x='332.7037' y='1112.0499' angle='1.5707963' width='91.5' depth='14.500751' height='208.5' modelSize='14086' movable='false' cutOutShape='M0,0 v1 h1 v-1 z' wallCutOutOnBothSides='true'/>
  <pieceOfFurniture catalogId='Pastierovic#cabinetWithBasin' name='Gray cabinet with basin' creator='Robert Pastierovic' model='5' x='370.45404' y='1225.4944' angle='4.712389' width='103.0' depth='63.0' height='99.0' modelSize='21378'>
    <material name='grey' color='FFFFFAEB'/>
    <material name='white'>
      <texture name='Oak' creator='Emmanuel Puybaret' catalogId='Puybaret#oak2' width='40.0' height='80.0' image='6'/>
    </material>
  </pieceOfFurniture>
  <pieceOfFurniture catalogId='Pastierovic#cabinet' name='Gray cabinet' creator='Robert Pastierovic' model='8' x='501.8426' y='1306.2537' angle='3.1415927' width='80.0' depth='62.0' height='86.0' modelSize='6487'>
    <material name='grey' color='FFFFFAEB'/>
    <material name='white'>
      <texture name='Oak' creator='Emmanuel Puybaret' catalogId='Puybaret#oak2' width='40.0' height='80.0' image='6'/>
    </material>
  </pieceOfFurniture>
  <pieceOfFurniture catalogId='LucaPresidente#lavastoviglie' name='Dishwasher' creator='LucaPresidente' model='10/lavastoviglie.obj' x='434.95367' y='1305.9536' angle='3.1415927' width='60.0' depth='62.600002' height='86.0' modelSize='180918'>
    <material name='Line55_3'>
      <texture name='Oak' creator='Emmanuel Puybaret' catalogId='Puybaret#oak2' width='40.0' height='80.0' image='6'/>
    </material>
  </pieceOfFurniture>
  <pieceOfFurniture catalogId='LucaPresidente#angolo' name='Corner cabinet' creator='LucaPresidente' model='12/angolo.obj' x='372.45367' y='1304.7537' angle='3.1415927' width='65.0' depth='65.0' height='86.0' modelSize='35990'>
    <material name='Line16_2'>
      <texture name='Oak' creator='Emmanuel Puybaret' catalogId='Puybaret#oak2' width='40.0' height='80.0' image='6'/>
    </material>
  </pieceOfFurniture>
  <pieceOfFurniture catalogId='Pastierovic#drawers' name='Gray drawers' creator='Robert Pastierovic' model='14' x='561.8426' y='1306.2537' angle='3.1415927' width='40.0' depth='62.0' height='86.0' modelSize='7652'>
    <material name='grey' color='FFFFFAEB'/>
    <material name='white'>
      <texture name='Oak' creator='Emmanuel Puybaret' catalogId='Puybaret#oak2' width='40.0' height='80.0' image='6'/>
    </material>
  </pieceOfFurniture>
  <pieceOfFurniture catalogId='Scopia#induction-cooker-4-zones' name='Induction cooker 4 zones' creator='Scopia' model='16/induction-cooker-4-zones.obj' x='504.8333' y='1307.4944' elevation='86.0' angle='3.1415927' width='56.0' depth='49.5' height='0.4' modelSize='32930'/>
  <doorOrWindow catalogId='eTeks#door' name='Door' creator='eTeks' model='3' x='827.86365' y='1010.4204' angle='4.712389' width='91.5' depth='72.4' height='208.5' modelMirrored='true' modelSize='14086' movable='false' cutOutShape='M0,0 v1 h1 v-1 z' wallCutOutOnBothSides='true'>
    <transformation name='sweethome3d_hinge_1' matrix='0.64286053 0 -0.7283019 -0.12602772 0 1 0 0 0.8056142 0 0.64286053 0.3412859'/>
  </doorOrWindow>
  <doorOrWindow catalogId='eTeks#openDoor' name='Open door' creator='eTeks' model='18' x='753.69446' y='984.817' angle='6.283185' width='70.0' depth='52.02186' height='208.5' modelMirrored='true' modelSize='14055' movable='false' cutOutShape='M0,0 v1 h1 v-1 z' wallCutOutOnBothSides='true'/>
  <pieceOfFurniture catalogId='Scopia#white_kitchen_table' name='Table' creator='Scopia' model='20/white_kitchen_table.obj' x='560.513' y='884.1277' angle='1.5707964' width='160.0' depth='72.0' height='75.0' modelSize='10368'/>
  <pieceOfFurniture catalogId='Scopia#white_kitchen_chair' name='Chair' creator='Scopia' model='22/white_kitchen_chair.obj' x='597.18524' y='835.0833' angle='1.5707964' width='42.7' depth='46.9' height='86.0' modelSize='244041'/>
  <pieceOfFurniture catalogId='Scopia#white_kitchen_chair' name='Chair' creator='Scopia' model='22/white_kitchen_chair.obj' x='596.4445' y='882.3426' angle='1.5707964' width='42.7' depth='46.9' height='86.0' modelSize='244041'/>
  <pieceOfFurniture catalogId='Scopia#white_kitchen_chair' name='Chair' creator='Scopia' model='22/white_kitchen_chair.obj' x='536.59265' y='835.5278' angle='4.712389' width='42.7' depth='46.9' height='86.0' modelSize='244041'/>
  <pieceOfFurniture catalogId='Scopia#white_kitchen_chair' name='Chair' creator='Scopia' model='22/white_kitchen_chair.obj' x='534.07416' y='882.787' angle='4.712389' width='42.7' depth='46.9' height='86.0' modelSize='244041'/>
  <pieceOfFurniture catalogId='Scopia#white_kitchen_chair' name='Chair' creator='Scopia' model='22/white_kitchen_chair.obj' x='532.14825' y='930.04626' angle='4.712389' width='42.7' depth='46.9' height='86.0' modelSize='244041'/>
  <pieceOfFurniture catalogId='Scopia#white_kitchen_chair' name='Chair' creator='Scopia' model='22/white_kitchen_chair.obj' x='595.7038' y='930.787' angle='1.5707964' width='42.7' depth='46.9' height='86.0' modelSize='244041'/>
  <pieceOfFurniture catalogId='Omari#frigorifero' name='Fridge' creator='Ben Omari' model='24/frigorifero_Scene.obj' x='376.20364' y='994.25366' angle='4.712389' width='60.0' depth='72.5' height='218.2' modelSize='3824'/>
  <pieceOfFurniture catalogId='LucaPresidente#pensileAngolo' name='Upper corner cabinet' creator='LucaPresidente' model='26/pensileAngolo.obj' x='371.45367' y='1305.7537' elevation='160.0' angle='3.1415927' width='65.0' depth='65.0' height='90.0' modelSize='273540'>
    <material name='Box152_3' color='FFFFFAEB'/>
    <material name='Line17_1' color='FFFFFAEB'/>
  </pieceOfFurniture>
  <pieceOfFurniture catalogId='LucaPresidente#pensileVetro' name='Glass door cabinet' creator='LucaPresidente' model='28/pensileVetro.obj' x='423.95367' y='1323.3536' elevation='160.0' angle='3.1415927' width='40.0' depth='29.800001' height='90.0' modelSize='4975'>
    <material name='Box20_1' color='FFFFFAEB'/>
  </pieceOfFurniture>
  <pieceOfFurniture catalogId='Bettinelli#AtorHaut' name='Stove' creator='Gaël Bettinelli' model='30/AtorHaut.obj' x='765.05365' y='1254.0425' angle='1.5707964' width='60.2' depth='52.8' height='203.1' modelSize='261621' movable='false'/>
  <pieceOfFurniture catalogId='Omari#oven' name='Oven' creator='Ben Omari' model='32/oven_Scene.obj' x='758.8834' y='1096.7347' elevation='87.0' angle='1.5707964' width='58.0' depth='62.4' height='56.600002' modelSize='6704'/>
  <pieceOfFurniture catalogId='Ravey#microwave' name='Microwave' creator='Don Ravey' model='34/microwave.obj' x='747.1964' y='1098.2981' elevation='144.5' angle='1.5707964' width='55.0' depth='31.7' height='28.6' modelSize='4233'/>
  <pieceOfFurniture catalogId='Pastierovic#cabinet' name='Gray cabinet' creator='Robert Pastierovic' model='8' x='760.4537' y='1317.2537' angle='1.5707964' width='40.0' depth='62.0' height='86.0' modelSize='6487'>
    <material name='grey' color='FFFFFAEB'/>
    <material name='white'>
      <texture name='Oak' creator='Emmanuel Puybaret' catalogId='Puybaret#oak2' width='40.0' height='80.0' image='6'/>
    </material>
  </pieceOfFurniture>
  <pieceOfFurniture catalogId='Omari#frigorifero' name='Fridge' creator='Ben Omari' model='24/frigorifero_Scene.obj' x='376.20364' y='934.25366' angle='4.712389' width='60.0' depth='72.5' height='218.2' modelSize='3824'/>
  <pieceOfFurniture catalogId='Pastierovic#drawers' name='Gray drawers' creator='Robert Pastierovic' model='14' x='760.4537' y='1097.1794' angle='1.5707964' width='60.0' depth='62.0' height='86.0' modelSize='7652'>
    <material name='grey' color='FFFFFAEB'/>
  </pieceOfFurniture>
  <pieceOfFurniture catalogId='Pastierovic#upperCabinet' name='Gray upper cabinet' creator='Robert Pastierovic' model='36' x='770.4537' y='1317.7352' elevation='165.0' angle='1.5707964' width='40.0' depth='44.0' height='85.0' modelSize='3577'>
    <material name='grey' color='FFFFFAEB'/>
  </pieceOfFurniture>
  <pieceOfFurniture catalogId='Pastierovic#upperCabinet' name='Gray upper cabinet' creator='Robert Pastierovic' model='36' x='761.4537' y='1096.7444' elevation='86.0' angle='1.5707964' width='60.0' depth='62.0' height='90.0' modelSize='3577'>
    <material name='grey' color='FFFFFAEB'/>
  </pieceOfFurniture>
  <pieceOfFurniture catalogId='Pastierovic#upperCabinet' name='Gray upper cabinet' creator='Robert Pastierovic' model='36' x='761.4537' y='1096.6455' elevation='176.0' angle='1.5707964' width='60.0' depth='62.0' height='74.0' modelSize='3577'>
    <material name='grey' color='FFFFFAEB'/>
  </pieceOfFurniture>
  <pieceOfFurniture catalogId='Pastierovic#cabinet' name='Gray cabinet' creator='Robert Pastierovic' model='8' x='760.4537' y='1167.1794' angle='1.5707964' width='80.0' depth='62.0' height='86.0' modelSize='6487'>
    <material name='grey' color='FFFFFAEB'/>
    <material name='white'>
      <texture name='Oak' creator='Emmanuel Puybaret' catalogId='Puybaret#oak2' width='40.0' height='80.0' image='6'/>
    </material>
  </pieceOfFurniture>
  <pieceOfFurniture catalogId='Pastierovic#upperCabinet' name='Gray upper cabinet' creator='Robert Pastierovic' model='36' x='770.4537' y='1167.0405' elevation='176.0' angle='1.5707964' width='80.0' depth='44.0' height='74.0' modelSize='3577'>
    <material name='grey' color='FFFFFAEB'/>
  </pieceOfFurniture>
  <pieceOfFurniture catalogId='Pastierovic#upperCabinet2' name='Gray smaller upper cabinet' creator='Robert Pastierovic' model='38' x='375.20364' y='934.59625' elevation='218.2' angle='4.712389' width='60.0' depth='72.5' height='31.8' modelSize='3579'>
    <material name='grey' color='FFFFFAEB'/>
  </pieceOfFurniture>
  <pieceOfFurniture catalogId='Pastierovic#upperCabinet2' name='Gray smaller upper cabinet' creator='Robert Pastierovic' model='38' x='375.20364' y='994.59625' elevation='218.2' angle='4.712389' width='60.0' depth='72.5' height='31.800001' modelSize='3579'>
    <material name='grey' color='FFFFFAEB'/>
  </pieceOfFurniture>
  <light catalogId='eTeks#halogenLightSource' name='Halogen light source' creator='eTeks' model='40' x='505.73456' y='1332.6613' elevation='156.0' width='10.0' depth='10.0' height='10.0' modelSize='1286' horizontallyRotatable='false' deformable='false' texturable='false'/>
  <light catalogId='eTeks#pendantLamp' name='Pendant lamp' creator='eTeks' model='43' x='569.8457' y='879.3617' elevation='170.0' width='60.0' depth='60.0' height='80.0' modelSize='15723'/>
  <light catalogId='eTeks#halogenLightSource' name='Halogen light source' creator='eTeks' model='40' x='356.64813' y='1328.5624' elevation='155.0' width='10.0' depth='10.0' height='10.0' modelSize='1286' horizontallyRotatable='false' deformable='false' texturable='false'/>
  <light catalogId='eTeks#halogenLightSource' name='Halogen light source' creator='eTeks' model='40' x='780.7963' y='1168.8092' elevation='155.0' width='10.0' depth='10.0' height='10.0' modelSize='1286' horizontallyRotatable='false' deformable='false' texturable='false'/>
  <light catalogId='eTeks#halogenLightSource' name='Halogen light source' creator='eTeks' model='40' x='779.06793' y='1322.3401' elevation='155.0' width='10.0' depth='10.0' height='10.0' modelSize='1286' horizontallyRotatable='false' deformable='false' texturable='false'/>
  <pieceOfFurniture catalogId='Kator Legaz#coffee-maker' name='Coffee maker' creator='Kator Legaz' model='45/coffee-maker.obj' x='358.33087' y='1317.6376' elevation='86.0' angle='3.926991' width='18.6' depth='28.7' height='30.0' modelSize='356712'/>
  <pieceOfFurniture catalogId='LucaPresidente#pensileVetro' name='Glass door cabinet' creator='LucaPresidente' model='28/pensileVetro.obj' x='463.95367' y='1323.3536' elevation='160.0' angle='3.1415927' width='40.0' depth='29.800001' height='90.0' modelSize='4975'>
    <material name='Box20_1' color='FFFFFAEB'/>
  </pieceOfFurniture>
  <pieceOfFurniture catalogId='LucaPresidente#pensileVetro' name='Glass door cabinet' creator='LucaPresidente' model='28/pensileVetro.obj' x='503.95367' y='1322.7612' elevation='160.0' angle='3.1415927' width='40.0' depth='29.800001' height='90.0' modelSize='4975'>
    <material name='Box20_1' color='FFFFFAEB'/>
  </pieceOfFurniture>
  <pieceOfFurniture catalogId='LucaPresidente#pensileVetro' name='Glass door cabinet' creator='LucaPresidente' model='28/pensileVetro.obj' x='543.9537' y='1322.7612' elevation='160.0' angle='3.1415927' width='40.0' depth='29.800001' height='90.0' modelSize='4975'>
    <material name='Box20_1' color='FFFFFAEB'/>
  </pieceOfFurniture>
  <pieceOfFurniture catalogId='LucaPresidente#pensileVetro' name='Glass door cabinet' creator='LucaPresidente' model='28/pensileVetro.obj' x='573.2037' y='1322.9113' elevation='160.0' angle='3.1415927' width='18.5' depth='29.5' height='90.0' modelSize='4975'>
    <material name='Box20_1' color='FFFFFAEB'/>
  </pieceOfFurniture>
  <pieceOfFurniture catalogId='Omari#capa' name='Hood' creator='Ben Omari' model='47/capa_Scene.obj' x='504.06482' y='1318.5037' elevation='150.0' angle='3.1415927' width='65.5' depth='39.5' height='61.5' modelSize='2348' movable='false'/>
  <pieceOfFurniture catalogId='Bettinelli#frigo' name='Fridge' creator='Gaël Bettinelli' model='49/frigo.obj' x='759.16077' y='1096.9604' elevation='174.0' angle='4.712389' width='57.0' depth='60.0' height='50.0' modelSize='573784'/>
  <doorOrWindow catalogId='eTeks#doorFrame' name='Door frame' creator='eTeks' model='51' x='662.2377' y='1342.0038' angle='3.1415927' width='91.5' depth='9.50075' height='240.0' modelSize='1281' movable='false' cutOutShape='M0,0 v1 h1 v-1 z' wallCutOutOnBothSides='true'/>
  <wall id='wall0' wallAtStart='wall3' wallAtEnd='wall1' xStart='335.20367' yStart='1342.0037' xEnd='796.2037' yEnd='1342.0037' height='250.0' thickness='7.5' pattern='hatchUp'>
    <baseboard attribute='leftSideBaseboard' thickness='1.0' height='7.0'/>
  </wall>
  <wall id='wall1' wallAtStart='wall0' wallAtEnd='wall2' xStart='796.2037' yStart='1342.0037' xEnd='796.2037' yEnd='899.50366' height='250.0' thickness='7.5' pattern='hatchUp'>
    <baseboard attribute='leftSideBaseboard' thickness='1.0' height='7.0'/>
  </wall>
  <wall id='wall2' wallAtStart='wall1' wallAtEnd='wall7' xStart='796.2037' yStart='899.50366' xEnd='718.2037' yEnd='899.50366' height='250.0' thickness='7.5' pattern='hatchUp'>
    <baseboard attribute='leftSideBaseboard' thickness='1.0' height='7.0'/>
  </wall>
  <wall id='wall3' wallAtStart='wall0' wallAtEnd='wall4' xStart='335.20367' yStart='1342.0037' xEnd='335.20364' yEnd='899.50366' height='250.0' thickness='7.5' pattern='hatchUp'>
    <baseboard attribute='rightSideBaseboard' thickness='1.0' height='7.0'/>
  </wall>
  <wall id='wall4' wallAtStart='wall3' wallAtEnd='wall6' xStart='335.20364' yStart='899.50366' xEnd='409.20364' yEnd='899.50366' height='250.0' thickness='7.5' pattern='hatchUp'>
    <baseboard attribute='rightSideBaseboard' thickness='1.0' height='7.0'/>
  </wall>
  <wall id='wall5' xStart='468.33945' yStart='771.13934' xEnd='657.3394' yEnd='771.13934' height='250.0' thickness='7.5' arcExtent='0.0' pattern='hatchUp'>
    <baseboard attribute='rightSideBaseboard' thickness='1.0' height='7.0'/>
  </wall>
  <wall id='wall6' wallAtStart='wall4' xStart='409.20364' yStart='899.50366' xEnd='472.03897' yEnd='768.82574' height='250.0' thickness='7.5' pattern='hatchUp'>
    <baseboard attribute='rightSideBaseboard' thickness='1.0' height='7.0'/>
  </wall>
  <wall id='wall7' wallAtStart='wall2' xStart='718.2037' yStart='899.50366' xEnd='654.23334' yEnd='769.3776' height='250.0' thickness='7.5' pattern='hatchUp'>
    <baseboard attribute='leftSideBaseboard' thickness='1.0' height='7.0'/>
  </wall>
  <wall id='wall8' wallAtEnd='wall9' xStart='796.2037' yStart='961.5592' xEnd='718.2037' yEnd='961.5592' height='250.0' thickness='7.5' pattern='hatchUp'/>
  <wall id='wall9' wallAtStart='wall8' xStart='718.2037' yStart='961.5592' xEnd='718.2037' yEnd='899.50366' height='250.0' thickness='7.5' pattern='hatchUp'/>
  <wall id='wall10' xStart='793.59265' yStart='1341.4113' xEnd='339.09265' yEnd='1341.4113' height='250.0' thickness='7.5' pattern='hatchUp'>
    <texture attribute='leftSideTexture' name='White tile' creator='Scopia' catalogId='eTeksScopia#basic-white-tile' width='20.0' height='20.0' image='53'/>
    <texture attribute='rightSideTexture' name='White tile' creator='Scopia' catalogId='eTeksScopia#basic-white-tile' width='20.0' height='20.0' image='53'/>
  </wall>
  <wall id='wall11' xStart='794.82513' yStart='1127.3103' xEnd='794.82513' yEnd='1338.3103' height='250.0' thickness='7.5' pattern='hatchUp'>
    <texture attribute='leftSideTexture' name='White tile' creator='Scopia' catalogId='eTeksScopia#basic-white-tile' width='20.0' height='20.0' image='53'/>
    <texture attribute='rightSideTexture' name='White tile' creator='Scopia' catalogId='eTeksScopia#basic-white-tile' width='20.0' height='20.0' image='53'/>
  </wall>
  <room id='room-abc33da4-181a-4e58-b513-9ec337198515' areaVisible='true'>
    <texture attribute='floorTexture' name='Gray ceramic tiles' creator='Scopia' catalogId='eTeksScopia#grey-ceramic-tiles' width='100.0' height='100.0' image='52'/>
    <point x='337.7685' y='1338.8462'/>
    <point x='791.2685' y='1338.8462'/>
    <point x='791.2685' y='903.8462'/>
    <point x='714.68335' y='903.8462'/>
    <point x='651.57904' y='775.4819'/>
    <point x='472.09912' y='775.4819'/>
    <point x='410.37628' y='903.8462'/>
    <point x='337.76846' y='903.8462'/>
  </room>
</home>